{
  "network-configs": {
    "network-1": {
      "version": "1.0",
      "clients": {
        "client-1": {
          "tlsEnable": true,
          "organization": "Org1MSP",
          "channel": "mychannel",
          "credentialStore": {
            "path": "./tmp/credentialStore_Org1/credential",
            "cryptoStore": {
              "path": "./tmp/credentialStore_Org1/crypto"
            }
          }
        }
      },
      "channels": {
        "mychannel": {
          "peers": {
            "peer0.org1.example.com": {}
          },
          "connection": {
            "timeout": {
              "peer": {
                "endorser": "6000",
                "eventHub": "6000",
                "eventReg": "6000"
              }
            }
          }
        }
      },
      "organizations": {
        "Org1MSP": {
          "mspid": "Org1MSP",
          "fullpath": false,
          "adminPrivateKey": {
            "path":
              "/home/hitesh/fabric-dev-servers/fabric-samples/first-network/crypto-config/peerOrganizations/org1.example.com/users/Admin@org1.example.com/msp/keystore"
          },
          "signedCert": {
            "path":
              "/home/hitesh/fabric-dev-servers/fabric-samples/first-network/crypto-config/peerOrganizations/org1.example.com/users/Admin@org1.example.com/msp/signcerts"
          }
        },
        "Org2MSP": {
          "mspid": "Org2MSP",
          "adminPrivateKey": {
            "path":
              "/home/hitesh/fabric-dev-servers/fabric-samples/first-network/crypto-config/peerOrganizations/org2.example.com/users/Admin@org2.example.com/msp/keystore"
          }
        },
        "Org3MSP": {
          "mspid": "Org3MSP",
          "adminPrivateKey": {
            "path":
              "/home/hitesh/fabric-dev-servers/fabric-samples/first-network/crypto-config/peerOrganizations/org3.example.com/users/Admin@org3.example.com/msp/keystore"
          }
        },
        "OrdererMSP": {
          "mspid": "OrdererMSP",
          "adminPrivateKey": {
            "path":
              "/home/hitesh/fabric-dev-servers/fabric-samples/first-network/crypto-config/ordererOrganizations/example.com/users/Admin@example.com/msp/keystore"
          }
        }
      },
      "peers": {
        "peer0.org1.example.com": {
          "tlsCACerts": {
            "path":
              "/home/hitesh/fabric-dev-servers/fabric-samples/first-network/crypto-config/peerOrganizations/org1.example.com/peers/peer0.org1.example.com/tls/ca.crt"
          },
          "url": "grpcs://localhost:7051",
          "eventUrl": "grpcs://localhost:7053",
          "grpcOptions": {
            "ssl-target-name-override": "peer0.org1.example.com"
          }
        },
        "peer1.org1.example.com": {
          "tlsCACerts": {
            "path":
              "/home/hitesh/fabric-dev-servers/fabric-samples/first-network/crypto-config/peerOrganizations/org1.example.com/peers/peer1.org1.example.com/tls/ca.crt"
          },
          "url": "grpcs://localhost:8051",
          "eventUrl": "grpcs://localhost:8053",
          "grpcOptions": {
            "ssl-target-name-override": "peer1.org1.example.com"
          }
        },
        "peer0.org2.example.com": {
          "tlsCACerts": {
            "path":
              "/home/hitesh/fabric-dev-servers/fabric-samples/first-network/crypto-config/peerOrganizations/org2.example.com/peers/peer0.org2.example.com/tls/ca.crt"
          },
          "url": "grpcs://localhost:9051",
          "eventUrl": "grpcs://localhost:9053",
          "grpcOptions": {
            "ssl-target-name-override": "peer0.org2.example.com"
          }
        },
        "peer1.org2.example.com": {
          "tlsCACerts": {
            "path":
              "/home/hitesh/fabric-dev-servers/fabric-samples/first-network/crypto-config/peerOrganizations/org2.example.com/peers/peer1.org2.example.com/tls/ca.crt"
          },
          "url": "grpcs://localhost:10051",
          "eventUrl": "grpcs://localhost:10053",
          "grpcOptions": {
            "ssl-target-name-override": "peer1.org2.example.com"
          }
        },
        "peer0.org3.example.com": {
          "tlsCACerts": {
            "path":
              "/home/hitesh/fabric-dev-servers/fabric-samples/first-network/crypto-config/peerOrganizations/org3.example.com/peers/peer0.org3.example.com/tls/ca.crt"
          },
          "url": "grpcs://localhost:11051",
          "eventUrl": "grpcs://localhost:11053",
          "grpcOptions": {
            "ssl-target-name-override": "peer0.org3.example.com"
          }
        },
        "peer1.org3.example.com": {
          "tlsCACerts": {
            "path":
              "/home/hitesh/fabric-dev-servers/fabric-samples/first-network/crypto-config/peerOrganizations/org3.example.com/peers/peer1.org3.example.com/tls/ca.crt"
          },
          "url": "grpcs://localhost:12051",
          "eventUrl": "grpcs://localhost:12053",
          "grpcOptions": {
            "ssl-target-name-override": "peer1.org3.example.com"
          }
        }
      },
      "orderers": {
        "orderer.example.com": {
          "url": "grpcs://localhost:7050"
        }
      }
    }
  },
  "configtxgenToolPath": "/home/hitesh/fabric-dev-servers/fabric-samples/first-network/bin",
  "license": "Apache-2.0"
}
