{
	"name": "first-network",
	"version": "1.0.0",
	"license": "Apache-2.0",
	"client": {
		"tlsEnable": true,
		"adminUser": "admin",
		"adminPassword": "adminpw",
		"enableAuthentication": false,
		"organization": "Org1",
		"connection": {
			"timeout": {
				"peer": {
					"endorser": "300"
				},
				"orderer": "300"
			}
		}
	},
	"channels": {
		"mychannel": {
			"peers": {
				"peer0.org1.example.com": {}
			},
			"connection": {
				"timeout": {
					"peer": {
						"endorser": "6000",
						"eventHub": "6000",
						"eventReg": "6000"
					}
				}
			}
		}
	},
	"organizations": {
		"Org1MSP": {
			"mspid": "Org1MSP",
			"fullpath": true,
			"adminPrivateKey": {
				"path": "/fabric-path/fabric-samples/first-network/crypto-config/peerOrganizations/org1.example.com/users/Admin@org1.example.com/msp/keystore/1bebc656f198efb4b5bed08ef42cf3b2d89ac86f0a6b928e7a172fd823df0a48_sk"
			},
			"signedCert": {
				"path": "/fabric-path/fabric-samples/first-network/crypto-config/peerOrganizations/org1.example.com/users/Admin@org1.example.com/msp/signcerts/Admin@org1.example.com-cert.pem"
			}
		}
	},
	"peers": {
		"peer0.org1.example.com": {
			"tlsCACerts": {
				"path": "/fabric-path/fabric-samples/first-network/crypto-config/peerOrganizations/org1.example.com/peers/peer0.org1.example.com/tls/ca.crt"
			},
			"url": "grpcs://localhost:7051",
			"eventUrl": "grpcs://localhost:7053",
			"grpcOptions": {
				"ssl-target-name-override": "peer0.org1.example.com"
			}
		}
	}
}
